dataset,accuracy,macro_f1,brier,n_test
IMDB,0.9062,0.9061869374691732,0.0759572800587586,5000
Rotten Tomatoes,0.7703842549203374,0.7703713463776709,0.17266298004980576,1067
