dataset,C_best,acc,macro_f1,brier,n_test
imdb,4.0,0.9192,0.9191931605091055,0.06329016878285386,5000
rt,4.0,0.7835051546391752,0.7834929837275183,0.15427860676332247,1067
