dataset,example_count,accuracy,macro_f1,brier_score
IMDB,2,0.93,0.9298245614035088,0.07
IMDB,4,0.93,0.9298245614035088,0.07
IMDB,6,0.92,0.9198717948717948,0.08
Rotten Tomatoes,2,0.8,0.7992773986350863,0.2
Rotten Tomatoes,4,0.82,0.8199279711884755,0.18
Rotten Tomatoes,6,0.83,0.82998299829983,0.17
