dataset,example_count,accuracy,macro_f1,brier_score
IMDB,2,0.94,0.9399759903961584,0.06
IMDB,4,0.94,0.9399038461538463,0.06
IMDB,6,0.94,0.9399038461538463,0.06
Rotten Tomatoes,2,0.86,0.8594941790445605,0.14
Rotten Tomatoes,4,0.86,0.8599439775910365,0.14
Rotten Tomatoes,6,0.85,0.84998499849985,0.15
