dataset,accuracy,macro_f1,brier,n_test
IMDB,0.9218,0.9217891099156647,0.06735912523885541,5000
Rotten Tomatoes,0.8641049671977507,0.8640973274480093,0.1072893006962044,1067
