dataset,model_name,acc,macro_f1,brier,n_test
imdb,distilbert-base-uncased,0.9242,0.9241996331262243,0.06660804169043429,5000
rt,distilbert-base-uncased,0.8641049671977507,0.8641030573408417,0.11402835338458346,1067
