split,n,len_chars_mean,len_chars_median,len_words_mean,len_words_median
imdb_train,25000,1325.04972,979.0,233.7872,174.0
imdb_test,25000,1293.76916,962.0,228.52668,172.0
rt_train,8530,113.97033997655335,111.0,20.99284876905041,20.0
rt_val,1066,114.2936210131332,112.0,20.99718574108818,21.0
rt_test,1066,115.52063789868667,113.0,21.22045028142589,20.0
