dataset,model_name,acc,macro_f1,brier,n_test
IMDB,Zero-Shot Flan-T5,0.9248,0.9247826217769353,0.0752,5000
IMDB,Few-Shot Flan-T5,0.9206,0.9205917383644595,0.0794,5000
Rotten Tomatoes,Zero-Shot Flan-T5,0.8322399250234301,0.832225188402207,0.16776007497656983,1067
Rotten Tomatoes,Few-Shot Flan-T5,0.8462980318650422,0.8462816944959801,0.15370196813495782,1067
