dataset,model_name,acc,macro_f1,brier,n_test
IMDB,Zero-Shot Flan-T5,0.9248,0.9247826217769353,0.0752,5000
IMDB,Few-Shot Flan-T5,0.9232,0.9231964486037835,0.0768,5000
Rotten Tomatoes,Zero-Shot Flan-T5,0.8322399250234301,0.832225188402207,0.16776007497656983,1067
Rotten Tomatoes,Few-Shot Flan-T5,0.8425492033739457,0.8424992619459323,0.15745079662605435,1067
